{
  "accuracy": 0.9677623261694058,
  "precision": 0.9840972871842844,
  "recall": 0.9686924493554327,
  "specificity": 0.9657258064516129,
  "f1_score": 0.9763341067285383,
  "auc": 0.9951156211014079
}