{
  "accuracy": 0.9652338811630847,
  "precision": 0.9914204003813155,
  "recall": 0.9576427255985267,
  "specificity": 0.9818548387096774,
  "f1_score": 0.9742388758782201,
  "auc": 0.9958340759222954
}