{
  "accuracy": 0.9690265486725663,
  "precision": 0.9717925386715196,
  "recall": 0.9834254143646409,
  "specificity": 0.9375,
  "f1_score": 0.9775743707093821,
  "auc": 0.9949411126953008
}