{
  "accuracy": 0.904551201011378,
  "precision": 0.9844559585492227,
  "recall": 0.8747697974217311,
  "specificity": 0.969758064516129,
  "f1_score": 0.9263773768893223,
  "auc": 0.9776053733737301
}