{
  "accuracy": 0.9627054361567636,
  "precision": 0.96386630532972,
  "recall": 0.9825046040515654,
  "specificity": 0.9193548387096774,
  "f1_score": 0.9730962152302781,
  "auc": 0.9938736410621992
}