{
  "accuracy": 0.9519595448798989,
  "precision": 0.9469026548672567,
  "recall": 0.9852670349907919,
  "specificity": 0.8790322580645161,
  "f1_score": 0.9657039711191335,
  "auc": 0.9917554060476444
}