{
  "accuracy": 0.965865992414665,
  "precision": 0.9786641929499073,
  "recall": 0.9714548802946593,
  "specificity": 0.9536290322580645,
  "f1_score": 0.9750462107208873,
  "auc": 0.9942337967088457
}