{
  "accuracy": 0.938685208596713,
  "precision": 0.96,
  "recall": 0.9502762430939227,
  "specificity": 0.9133064516129032,
  "f1_score": 0.955113373438223,
  "auc": 0.9838134170973682
}