{
  "accuracy": 0.9582806573957017,
  "precision": 0.9636363636363636,
  "recall": 0.9760589318600368,
  "specificity": 0.9193548387096774,
  "f1_score": 0.969807868252516,
  "auc": 0.9914008198182142
}