{
  "accuracy": 0.9715549936788875,
  "precision": 0.9797235023041475,
  "recall": 0.9788213627992634,
  "specificity": 0.9556451612903226,
  "f1_score": 0.9792722247812068,
  "auc": 0.9961125467831046
}