{
  "accuracy": 0.8653603034134008,
  "precision": 0.847808764940239,
  "recall": 0.9797421731123389,
  "specificity": 0.6149193548387096,
  "f1_score": 0.9090132422041862,
  "auc": 0.9486425473771757
}