{
  "accuracy": 0.9405815423514539,
  "precision": 0.9652908067542214,
  "recall": 0.9475138121546961,
  "specificity": 0.9254032258064516,
  "f1_score": 0.9563197026022305,
  "auc": 0.9861265817144893
}