{
  "accuracy": 0.9532237673830595,
  "precision": 0.9685185185185186,
  "recall": 0.9631675874769797,
  "specificity": 0.9314516129032258,
  "f1_score": 0.9658356417359187,
  "auc": 0.9887163607200143
}