{
  "accuracy": 0.9582806573957017,
  "precision": 0.9678899082568807,
  "recall": 0.9714548802946593,
  "specificity": 0.9294354838709677,
  "f1_score": 0.9696691176470589,
  "auc": 0.9928915671597458
}