{
  "accuracy": 0.9570164348925411,
  "precision": 0.9635701275045537,
  "recall": 0.9742173112338858,
  "specificity": 0.9193548387096774,
  "f1_score": 0.9688644688644689,
  "auc": 0.9910146735578922
}