{
  "accuracy": 0.961441213653603,
  "precision": 0.9680365296803652,
  "recall": 0.9760589318600368,
  "specificity": 0.9294354838709677,
  "f1_score": 0.9720311783585511,
  "auc": 0.9922733618487495
}