{
  "accuracy": 0.9740834386852086,
  "precision": 0.9806807727690893,
  "recall": 0.9815837937384899,
  "specificity": 0.9576612903225806,
  "f1_score": 0.9811320754716981,
  "auc": 0.9966769143943445
}