{
  "accuracy": 0.9715549936788875,
  "precision": 0.9710407239819004,
  "recall": 0.9880294659300184,
  "specificity": 0.9354838709677419,
  "f1_score": 0.9794614331355546,
  "auc": 0.9963984435335353
}