{
  "accuracy": 0.9279393173198482,
  "precision": 0.9248251748251748,
  "recall": 0.9742173112338858,
  "specificity": 0.8266129032258065,
  "f1_score": 0.9488789237668162,
  "auc": 0.9796604883265015
}