{
  "accuracy": 0.9551201011378002,
  "precision": 0.972972972972973,
  "recall": 0.9613259668508287,
  "specificity": 0.9415322580645161,
  "f1_score": 0.9671144048170449,
  "auc": 0.9913451256460525
}