{
  "accuracy": 0.9608091024020228,
  "precision": 0.9876190476190476,
  "recall": 0.9548802946593001,
  "specificity": 0.9737903225806451,
  "f1_score": 0.9709737827715356,
  "auc": 0.9940667141923603
}