{
  "accuracy": 0.9462705436156763,
  "precision": 0.9673202614379085,
  "recall": 0.9539594843462247,
  "specificity": 0.9294354838709677,
  "f1_score": 0.9605934167825684,
  "auc": 0.9870214014138893
}