{
  "accuracy": 0.9557522123893806,
  "precision": 0.98565965583174,
  "recall": 0.9493554327808471,
  "specificity": 0.969758064516129,
  "f1_score": 0.9671669793621013,
  "auc": 0.9928061694290976
}