{
  "accuracy": 0.9601769911504425,
  "precision": 0.9662716499544212,
  "recall": 0.9760589318600368,
  "specificity": 0.9254032258064516,
  "f1_score": 0.9711406321575813,
  "auc": 0.9919113497296976
}