{
  "accuracy": 0.8994943109987358,
  "precision": 0.8814814814814815,
  "recall": 0.9861878453038674,
  "specificity": 0.7096774193548387,
  "f1_score": 0.9308996088657105,
  "auc": 0.9807353858492247
}