{
  "accuracy": 0.8994943109987358,
  "precision": 0.9098143236074271,
  "recall": 0.9475138121546961,
  "specificity": 0.7943548387096774,
  "f1_score": 0.9282814614343707,
  "auc": 0.9589738163131942
}