{
  "accuracy": 0.9462705436156763,
  "precision": 0.9664492078285182,
  "recall": 0.9548802946593001,
  "specificity": 0.9274193548387096,
  "f1_score": 0.9606299212598425,
  "auc": 0.9859465038911662
}