{
  "accuracy": 0.8609355246523388,
  "precision": 0.8608333333333333,
  "recall": 0.9511970534069981,
  "specificity": 0.6633064516129032,
  "f1_score": 0.9037620297462817,
  "auc": 0.9372252420840017
}