{
  "accuracy": 0.9734513274336283,
  "precision": 0.9728260869565217,
  "recall": 0.988950276243094,
  "specificity": 0.9395161290322581,
  "f1_score": 0.9808219178082191,
  "auc": 0.9962944810788332
}