{
  "accuracy": 0.9374209860935525,
  "precision": 0.9795918367346939,
  "recall": 0.9281767955801105,
  "specificity": 0.9576612903225806,
  "f1_score": 0.9531914893617022,
  "auc": 0.9875430701598051
}