{
  "accuracy": 0.9753476611883691,
  "precision": 0.9833795013850416,
  "recall": 0.9806629834254144,
  "specificity": 0.9637096774193549,
  "f1_score": 0.9820193637621023,
  "auc": 0.9959937325491595
}