{
  "accuracy": 0.9570164348925411,
  "precision": 0.9686924493554327,
  "recall": 0.9686924493554327,
  "specificity": 0.9314516129032258,
  "f1_score": 0.9686924493554327,
  "auc": 0.9934206617952831
}