{
  "accuracy": 0.9557522123893806,
  "precision": 0.9738805970149254,
  "recall": 0.9613259668508287,
  "specificity": 0.9435483870967742,
  "f1_score": 0.9675625579240037,
  "auc": 0.9905245648428681
}