{
  "accuracy": 0.9627054361567636,
  "precision": 0.9732718894009217,
  "recall": 0.9723756906077348,
  "specificity": 0.9415322580645161,
  "f1_score": 0.9728235836020267,
  "auc": 0.9921768252836689
}