{
  "accuracy": 0.9487989886219975,
  "precision": 0.9657089898053753,
  "recall": 0.9594843462246777,
  "specificity": 0.9254032258064516,
  "f1_score": 0.9625866050808314,
  "auc": 0.9883135062080436
}