{
  "accuracy": 0.9355246523388117,
  "precision": 0.9385026737967914,
  "recall": 0.9696132596685083,
  "specificity": 0.8608870967741935,
  "f1_score": 0.9538043478260869,
  "auc": 0.9844910295253372
}