{
  "accuracy": 0.9778761061946902,
  "precision": 0.9897483690587139,
  "recall": 0.9779005524861878,
  "specificity": 0.9778225806451613,
  "f1_score": 0.983788791106994,
  "auc": 0.9965116883502644
}