{
  "accuracy": 0.9709228824273072,
  "precision": 0.9693140794223827,
  "recall": 0.988950276243094,
  "specificity": 0.9314516129032258,
  "f1_score": 0.9790337283500455,
  "auc": 0.9968885522485593
}