{
  "accuracy": 0.8881163084702908,
  "precision": 0.8935064935064935,
  "recall": 0.9502762430939227,
  "specificity": 0.7520161290322581,
  "f1_score": 0.9210174029451138,
  "auc": 0.9503096595972198
}