{
  "accuracy": 0.8868520859671302,
  "precision": 0.8744838976052849,
  "recall": 0.9751381215469613,
  "specificity": 0.6935483870967742,
  "f1_score": 0.9220722681758816,
  "auc": 0.957173038079962
}