{
  "accuracy": 0.9412136536030341,
  "precision": 0.9366754617414248,
  "recall": 0.9806629834254144,
  "specificity": 0.8548387096774194,
  "f1_score": 0.9581646423751687,
  "auc": 0.98775470801402
}