{
  "accuracy": 0.9456384323640961,
  "precision": 0.941696113074205,
  "recall": 0.9815837937384899,
  "specificity": 0.8669354838709677,
  "f1_score": 0.9612263300270514,
  "auc": 0.9897337075981701
}