{
  "accuracy": 0.9601769911504425,
  "precision": 0.9587443946188341,
  "recall": 0.9843462246777164,
  "specificity": 0.907258064516129,
  "f1_score": 0.9713766469786461,
  "auc": 0.9954739202756491
}