{
  "accuracy": 0.911504424778761,
  "precision": 0.9395910780669146,
  "recall": 0.930939226519337,
  "specificity": 0.8689516129032258,
  "f1_score": 0.9352451433857539,
  "auc": 0.9718892948375216
}