{
  "accuracy": 0.9525916561314791,
  "precision": 0.9591280653950953,
  "recall": 0.9723756906077348,
  "specificity": 0.9092741935483871,
  "f1_score": 0.9657064471879286,
  "auc": 0.9913748292045388
}