{
  "accuracy": 0.950063211125158,
  "precision": 0.9515695067264573,
  "recall": 0.9769797421731123,
  "specificity": 0.8911290322580645,
  "f1_score": 0.9641072239890959,
  "auc": 0.990966405275352
}