{
  "accuracy": 0.9209860935524652,
  "precision": 0.9461467038068709,
  "recall": 0.9383057090239411,
  "specificity": 0.8830645161290323,
  "f1_score": 0.9422098936662043,
  "auc": 0.9768330808530862
}