{
  "accuracy": 0.9190897597977244,
  "precision": 0.9108061749571184,
  "recall": 0.9779005524861878,
  "specificity": 0.7903225806451613,
  "f1_score": 0.9431616341030196,
  "auc": 0.9827106724885643
}