{
  "accuracy": 0.9292035398230089,
  "precision": 0.9134125636672326,
  "recall": 0.990791896869245,
  "specificity": 0.7943548387096774,
  "f1_score": 0.950530035335689,
  "auc": 0.9896018980573873
}