{
  "accuracy": 0.9734513274336283,
  "precision": 0.978021978021978,
  "recall": 0.9834254143646409,
  "specificity": 0.9516129032258065,
  "f1_score": 0.9807162534435262,
  "auc": 0.9949875245054358
}